date,UMDF Channel Equities,Number of Messages,Maximum MPS (msgs/sec),Estimated Max Bandwidth (Mbps),MPS (msgs/sec),Bandwidth (Mbps)
20200102,Peak of Messages - 15:25:48,0,0,0,25088,"  16,0741"
20200102,"MBO Ch.51 - Mining - cash, termo, auction",1.360.941,1.268,"   1,3785",722,"   0,4702"
20200102,"MBO Ch.52 - Mining - options, exercise, strategies",12.258.265,5.589,"   3,3941",5146,"   3,2415"
20200102,"MBO Ch.53 - Oil and Biofuels - cash, termo, auction",1.258.412,1.367,"   1,0241",567,"   0,3717"
20200102,"MBO Ch.54 - Oil and Biofuels - options, exercise, strategies",8.804.562,10.052,"   6,1522",3030,"   1,8761"
20200102,"MBO Ch.55 - Banks - cash, termo, auction",5.924.453,2.432,"   1,6630",1926,"   1,2669"
20200102,"MBO Ch.56 - Banks - options, exercise, strategies",9.484.640,5.914,"   3,7161",5914,"   3,7161"
20200102,"MBO Ch.57 - Other instruments - cash, termo, auction",6.082.935,2.036,"   6,1371",2036,"   1,2994"
20200102,"MBO Ch.58 - Other instruments - options, exercise, strategies",2.414.449,2.789,"   1,8743",2789,"   1,8743"
20200102,MBO Ch.59 - OTC,18.574,90,"   0,0958",0,0
20200102,MBO Ch.60 - IBOVESPA Options,7.211.651,4.751,"   3,2748",2958,"   1,9579"
20200102,MBO Ch.62 - Index e Iopv,4.540,36,"   0,0413",0,0
20200103,Peak of Messages - 12:00:00,0,0,0,26045,"  16,3826"
20200103,"MBO Ch.51 - Mining - cash, termo, auction",1.348.880,972,"   1,5447",972,"   0,6424"
20200103,"MBO Ch.52 - Mining - options, exercise, strategies",13.604.000,7.582,"   4,4947",5729,"   3,6264"
20200103,"MBO Ch.53 - Oil and Biofuels - cash, termo, auction",1.566.213,954,"   1,1581",627,"   0,4712"
20200103,"MBO Ch.54 - Oil and Biofuels - options, exercise, strategies",10.483.298,7.380,"   4,3914",4606,"   2,7427"
20200103,"MBO Ch.55 - Banks - cash, termo, auction",6.867.353,2.672,"   1,9195",2672,"   1,8067"
20200103,"MBO Ch.56 - Banks - options, exercise, strategies",10.400.263,5.703,"   3,5741",5369,"   3,3176"
20200103,"MBO Ch.57 - Other instruments - cash, termo, auction",7.109.321,2.660,"   6,5185",2660,"   1,6488"
20200103,"MBO Ch.58 - Other instruments - options, exercise, strategies",3.397.203,1.959,"   1,2849",1552,"   1,0338"
20200103,MBO Ch.59 - OTC,19.554,93,"   0,1077",2,"   0,0018"
20200103,MBO Ch.60 - IBOVESPA Options,8.553.109,4.868,"   3,3659",1853,"   1,0744"
20200103,MBO Ch.62 - Index e Iopv,3.517,41,"   0,0583",3,"   0,0169"
20200106,Peak of Messages - 15:06:30,0,0,0,26124,"  16,6992"
20200106,"MBO Ch.51 - Mining - cash, termo, auction",1.546.747,1.443,"   1,3460",1006,"   0,6630"
20200106,"MBO Ch.52 - Mining - options, exercise, strategies",14.450.850,7.709,"   4,7598",6348,"   3,9167"
20200106,"MBO Ch.53 - Oil and Biofuels - cash, termo, auction",1.814.307,1.024,"   1,2080",849,"   0,5786"
20200106,"MBO Ch.54 - Oil and Biofuels - options, exercise, strategies",12.384.328,7.452,"   4,2332",4152,"   2,5884"
20200106,"MBO Ch.55 - Banks - cash, termo, auction",6.922.524,2.343,"   1,8807",1883,"   1,3257"
20200106,"MBO Ch.56 - Banks - options, exercise, strategies",9.523.971,5.208,"   3,1573",3763,"   2,3776"
20200106,"MBO Ch.57 - Other instruments - cash, termo, auction",7.694.925,2.955,"   6,3044",2261,"   1,4199"
20200106,"MBO Ch.58 - Other instruments - options, exercise, strategies",3.135.295,2.605,"   1,7146",2605,"   1,7146"
20200106,MBO Ch.59 - OTC,15.469,87,"   0,0916",0,0
20200106,MBO Ch.60 - IBOVESPA Options,9.319.378,4.447,"   3,0681",3254,"   2,0979"
20200106,MBO Ch.62 - Index e Iopv,3.488,37,"   0,0455",3,"   0,0168"
20200107,Peak of Messages - 12:30:16,0,0,0,28755,"  18,4243"
20200107,"MBO Ch.51 - Mining - cash, termo, auction",1.209.676,1.239,"   1,2294",1089,"   0,7194"
20200107,"MBO Ch.52 - Mining - options, exercise, strategies",12.208.357,8.409,"   5,1734",8409,"   5,1734"
20200107,"MBO Ch.53 - Oil and Biofuels - cash, termo, auction",1.328.903,796,"   1,0940",724,"   0,4646"
20200107,"MBO Ch.54 - Oil and Biofuels - options, exercise, strategies",10.160.995,7.551,"   4,3955",4392,"   2,6682"
20200107,"MBO Ch.55 - Banks - cash, termo, auction",6.402.185,2.384,"   1,9342",1870,"   1,3016"
20200107,"MBO Ch.56 - Banks - options, exercise, strategies",9.957.384,5.594,"   3,4747",2583,"   1,6908"
20200107,"MBO Ch.57 - Other instruments - cash, termo, auction",7.136.551,2.327,"   6,2595",2138,"   1,3095"
20200107,"MBO Ch.58 - Other instruments - options, exercise, strategies",2.542.689,2.715,"   1,7277",1326,"   0,8974"
20200107,MBO Ch.59 - OTC,17.352,96,"   0,0890",5,"   0,0022"
20200107,MBO Ch.60 - IBOVESPA Options,8.836.249,6.219,"   4,1971",6219,"   4,1971"
20200107,MBO Ch.62 - Index e Iopv,3.475,38,"   0,0455",0,0
20200108,Peak of Messages - 17:41:33,0,0,0,28605,"  18,4394"
20200108,"MBO Ch.51 - Mining - cash, termo, auction",1.319.100,1.091,"   1,1906",858,"   0,6172"
20200108,"MBO Ch.52 - Mining - options, exercise, strategies",14.785.113,8.527,"   5,0200",6243,"   3,8261"
20200108,"MBO Ch.53 - Oil and Biofuels - cash, termo, auction",1.468.052,954,"   1,0646",731,"   0,4952"
20200108,"MBO Ch.54 - Oil and Biofuels - options, exercise, strategies",14.217.537,7.955,"   4,8168",4342,"   2,6058"
20200108,"MBO Ch.55 - Banks - cash, termo, auction",6.876.739,2.413,"   1,9557",1646,"   1,2380"
20200108,"MBO Ch.56 - Banks - options, exercise, strategies",11.389.137,5.479,"   3,3838",5263,"   3,3838"
20200108,"MBO Ch.57 - Other instruments - cash, termo, auction",7.911.016,2.849,"   4,2365",2416,"   1,5974"
20200108,"MBO Ch.58 - Other instruments - options, exercise, strategies",3.720.468,2.651,"   1,6878",2128,"   1,4126"
20200108,MBO Ch.59 - OTC,14.554,88,"   0,0877",0,0
20200108,MBO Ch.60 - IBOVESPA Options,9.077.031,5.195,"   3,6106",4978,"   3,2633"
20200108,MBO Ch.62 - Index e Iopv,3.451,38,"   0,0459",0,0
20200109,Peak of Messages -,0,0,0,0,
20200109,"MBO Ch.51 - Mining - cash, termo, auction",1.354.682,983,0,0,0
20200109,"MBO Ch.52 - Mining - options, exercise, strategies",16.128.918,8.277,0,0,0
20200109,"MBO Ch.53 - Oil and Biofuels - cash, termo, auction",1.434.123,957,0,0,0
20200109,"MBO Ch.54 - Oil and Biofuels - options, exercise, strategies",11.562.527,5.606,0,0,0
20200109,"MBO Ch.55 - Banks - cash, termo, auction",6.730.778,2.708,0,0,0
20200109,"MBO Ch.56 - Banks - options, exercise, strategies",11.425.129,4.312,0,0,0
20200109,"MBO Ch.57 - Other instruments - cash, termo, auction",6.784.409,2.380,0,0,0
20200109,"MBO Ch.58 - Other instruments - options, exercise, strategies",3.016.790,2.373,0,0,0
20200109,MBO Ch.59 - OTC,13.085,91,0,0,0
20200109,MBO Ch.60 - IBOVESPA Options,9.650.646,4.732,0,0,0
20200109,MBO Ch.62 - Index e Iopv,3.477,38,0,0,0
20200110,Peak of Messages - 19:45:00,0,0,0,8015,"  12,7167"
20200110,"MBO Ch.51 - Mining - cash, termo, auction",1.084.693,880,"   1,3774",245,"   1,3774"
20200110,"MBO Ch.52 - Mining - options, exercise, strategies",13.683.267,7.479,"   4,4588",1124,"   0,7452"
20200110,"MBO Ch.53 - Oil and Biofuels - cash, termo, auction",1.205.113,802,"   1,0285",174,"   1,0285"
20200110,"MBO Ch.54 - Oil and Biofuels - options, exercise, strategies",9.696.246,6.762,"   4,0260",1925,"   1,4493"
20200110,"MBO Ch.55 - Banks - cash, termo, auction",5.742.973,2.394,"   2,3027",519,"   2,3027"
20200110,"MBO Ch.56 - Banks - options, exercise, strategies",10.036.844,5.162,"   3,1688",1953,"   1,3008"
20200110,"MBO Ch.57 - Other instruments - cash, termo, auction",6.466.543,1.995,"   4,1987",1520,"   4,1987"
20200110,"MBO Ch.58 - Other instruments - options, exercise, strategies",2.468.914,1.872,"   1,2036",374,"   0,1850"
20200110,MBO Ch.59 - OTC,16.000,89,"   0,0899",89,"   0,0899"
20200110,MBO Ch.60 - IBOVESPA Options,7.933.586,3.927,"   2,6754",89,"   0,0383"
20200110,MBO Ch.62 - Index e Iopv,3.434,36,"   0,0411",3,"   0,0009"
20200113,Peak of Messages - 13:28:38,0,0,0,26316,"  16,4851"
20200113,"MBO Ch.51 - Mining - cash, termo, auction",1.297.098,2.118,"   1,6037",1011,"   0,6938"
20200113,"MBO Ch.52 - Mining - options, exercise, strategies",16.842.765,6.884,"   4,1259",4653,"   2,8401"
20200113,"MBO Ch.53 - Oil and Biofuels - cash, termo, auction",1.268.707,855,"   0,9961",855,"   0,5113"
20200113,"MBO Ch.54 - Oil and Biofuels - options, exercise, strategies",12.670.266,6.357,"   3,7927",5160,"   2,9766"
20200113,"MBO Ch.55 - Banks - cash, termo, auction",6.196.445,2.343,"   2,3817",2139,"   1,4964"
20200113,"MBO Ch.56 - Banks - options, exercise, strategies",8.666.986,5.617,"   3,3797",4354,"   2,8037"
20200113,"MBO Ch.57 - Other instruments - cash, termo, auction",5.802.953,3.133,"   5,7952",3133,"   2,0162"
20200113,"MBO Ch.58 - Other instruments - options, exercise, strategies",2.286.915,2.580,"   1,6865",2552,"   1,6865"
20200113,MBO Ch.59 - OTC,12.021,87,"   0,0921",10,"   0,0048"
20200113,MBO Ch.60 - IBOVESPA Options,7.232.483,4.866,"   3,3973",2449,"   1,4558"
20200113,MBO Ch.62 - Index e Iopv,4.396,35,"   0,0545",0,0
20200114,Peak of Messages - 15:36:48,0,0,0,29088,"  18,0931"
20200114,"MBO Ch.51 - Mining - cash, termo, auction",1.310.138,1.326,"   1,3435",1177,"   0,7659"
20200114,"MBO Ch.52 - Mining - options, exercise, strategies",15.957.745,8.030,"   4,7233",6623,"   4,1302"
20200114,"MBO Ch.53 - Oil and Biofuels - cash, termo, auction",1.409.417,1.151,"   1,1208",822,"   0,5197"
20200114,"MBO Ch.54 - Oil and Biofuels - options, exercise, strategies",12.571.471,8.971,"   5,3282",5187,"   2,8717"
20200114,"MBO Ch.55 - Banks - cash, termo, auction",6.186.129,2.555,"   2,4891",2447,"   1,6014"
20200114,"MBO Ch.56 - Banks - options, exercise, strategies",6.695.698,4.928,"   3,0808",3316,"   2,1250"
20200114,"MBO Ch.57 - Other instruments - cash, termo, auction",6.605.600,3.305,"   5,4563",3305,"   2,0450"
20200114,"MBO Ch.58 - Other instruments - options, exercise, strategies",2.833.292,2.492,"   1,6788",1962,"   1,3140"
20200114,MBO Ch.59 - OTC,18.032,97,"   0,1851",0,0
20200114,MBO Ch.60 - IBOVESPA Options,6.494.435,6.514,"   4,4044",4249,"   2,7200"
20200114,MBO Ch.62 - Index e Iopv,3.392,28,"   0,0455",0,0
20200115,Peak of Messages - 11:34:37,0,0,0,26089,"  16,6583"
20200115,"MBO Ch.51 - Mining - cash, termo, auction",1.492.490,1.105,"   1,6206",1091,"   0,7106"
20200115,"MBO Ch.52 - Mining - options, exercise, strategies",18.490.207,9.306,"   5,6735",9306,"   5,6735"
20200115,"MBO Ch.53 - Oil and Biofuels - cash, termo, auction",1.333.825,959,"   1,1059",274,"   0,1757"
20200115,"MBO Ch.54 - Oil and Biofuels - options, exercise, strategies",13.153.292,5.811,"   3,4115",2380,"   1,4246"
20200115,"MBO Ch.55 - Banks - cash, termo, auction",6.852.709,2.535,"   2,7480",2178,"   1,6525"
20200115,"MBO Ch.56 - Banks - options, exercise, strategies",8.128.186,6.133,"   3,7592",5384,"   3,4175"
20200115,"MBO Ch.57 - Other instruments - cash, termo, auction",7.126.905,1.998,"   4,6841",1884,"   1,1522"
20200115,"MBO Ch.58 - Other instruments - options, exercise, strategies",2.546.087,2.266,"   1,4803",1499,"   1,0042"
20200115,MBO Ch.59 - OTC,14.098,98,"   0,0953",0,0
20200115,MBO Ch.60 - IBOVESPA Options,6.733.328,4.990,"   3,4189",2093,"   1,4475"
20200115,MBO Ch.62 - Index e Iopv,3.432,41,"   0,0583",0,0
20200116,Peak of Messages -,0,0,0,0,
20200116,"MBO Ch.51 - Mining - cash, termo, auction",1.416.059,1.197,0,0,0
20200116,"MBO Ch.52 - Mining - options, exercise, strategies",16.569.275,7.803,0,0,0
20200116,"MBO Ch.53 - Oil and Biofuels - cash, termo, auction",1.349.261,965,0,0,0
20200116,"MBO Ch.54 - Oil and Biofuels - options, exercise, strategies",11.614.253,9.381,0,0,0
20200116,"MBO Ch.55 - Banks - cash, termo, auction",6.419.143,2.362,0,0,0
20200116,"MBO Ch.56 - Banks - options, exercise, strategies",8.016.332,4.987,0,0,0
20200116,"MBO Ch.57 - Other instruments - cash, termo, auction",6.641.665,2.173,0,0,0
20200116,"MBO Ch.58 - Other instruments - options, exercise, strategies",2.852.203,2.258,0,0,0
20200116,MBO Ch.59 - OTC,18.193,87,0,0,0
20200116,MBO Ch.60 - IBOVESPA Options,6.238.592,4.213,0,0,0
20200116,MBO Ch.62 - Index e Iopv,3.416,26,0,0,0
20200117,Peak of Messages - 19:45:00,0,0,0,8465,"  14,0518"
20200117,"MBO Ch.51 - Mining - cash, termo, auction",1.253.411,961,"   1,4609",260,"   1,4609"
20200117,"MBO Ch.52 - Mining - options, exercise, strategies",15.002.419,8.387,"   5,2625",1521,"   0,9409"
20200117,"MBO Ch.53 - Oil and Biofuels - cash, termo, auction",1.196.621,1.019,"   1,2609",204,"   1,2609"
20200117,"MBO Ch.54 - Oil and Biofuels - options, exercise, strategies",10.350.708,7.153,"   4,1225",2042,"   1,6766"
20200117,"MBO Ch.55 - Banks - cash, termo, auction",5.692.926,3.262,"   2,5489",538,"   2,5489"
20200117,"MBO Ch.56 - Banks - options, exercise, strategies",7.485.460,7.221,"   4,6091",1745,"   1,2198"
20200117,"MBO Ch.57 - Other instruments - cash, termo, auction",5.635.990,2.438,"   4,6017",1538,"   4,6017"
20200117,"MBO Ch.58 - Other instruments - options, exercise, strategies",2.141.289,2.065,"   1,3774",452,"   0,2125"
20200117,MBO Ch.59 - OTC,11.507,93,"   0,0992",93,"   0,0992"
20200117,MBO Ch.60 - IBOVESPA Options,5.482.120,4.602,"   3,1223",69,"   0,0296"
20200117,MBO Ch.62 - Index e Iopv,3.454,39,"   0,0461",3,"   0,0009"
20200120,Peak of Messages - 17:41:37,0,0,0,25150,"  16,5460"
20200120,"MBO Ch.51 - Mining - cash, termo, auction",859.636,1.098,"   1,1627",792,"   0,6803"
20200120,"MBO Ch.52 - Mining - options, exercise, strategies",13.470.487,7.140,"   4,3909",6883,"   4,3158"
20200120,"MBO Ch.53 - Oil and Biofuels - cash, termo, auction",864.506,557,"   1,0291",449,"   0,3733"
20200120,"MBO Ch.54 - Oil and Biofuels - options, exercise, strategies",8.040.483,6.413,"   3,6502",3989,"   2,3351"
20200120,"MBO Ch.55 - Banks - cash, termo, auction",4.606.171,2.324,"   2,1496",1714,"   1,2049"
20200120,"MBO Ch.56 - Banks - options, exercise, strategies",6.109.223,4.163,"   2,5766",3289,"   2,1855"
20200120,"MBO Ch.57 - Other instruments - cash, termo, auction",3.751.977,1.840,"   5,6438",1263,"   0,8606"
20200120,"MBO Ch.58 - Other instruments - options, exercise, strategies",1.706.417,1.932,"   1,3129",1932,"   1,3129"
20200120,MBO Ch.59 - OTC,9.399,86,"   0,0885",1,"   0,0004"
20200120,MBO Ch.60 - IBOVESPA Options,5.213.947,4.838,"   3,2772",4838,"   3,2772"
20200120,MBO Ch.62 - Index e Iopv,3.405,37,"   0,0408",0,0
20200121,Peak of Messages -,0,0,0,0,
20200121,"MBO Ch.51 - Mining - cash, termo, auction",1.280.984,1.123,0,0,0
20200121,"MBO Ch.52 - Mining - options, exercise, strategies",15.586.406,10.148,0,0,0
20200121,"MBO Ch.53 - Oil and Biofuels - cash, termo, auction",1.307.157,810,0,0,0
20200121,"MBO Ch.54 - Oil and Biofuels - options, exercise, strategies",9.431.063,6.493,0,0,0
20200121,"MBO Ch.55 - Banks - cash, termo, auction",6.779.094,2.827,0,0,0
20200121,"MBO Ch.56 - Banks - options, exercise, strategies",8.167.432,5.400,0,0,0
20200121,"MBO Ch.57 - Other instruments - cash, termo, auction",7.292.477,2.468,0,0,0
20200121,"MBO Ch.58 - Other instruments - options, exercise, strategies",2.921.026,2.702,0,0,0
20200121,MBO Ch.59 - OTC,12.027,88,0,0,0
20200121,MBO Ch.60 - IBOVESPA Options,7.561.376,4.789,0,0,0
20200121,MBO Ch.62 - Index e Iopv,3.488,29,0,0,0
20200122,Peak of Messages -,0,0,0,0,
20200122,"MBO Ch.51 - Mining - cash, termo, auction",0,0,0,0,0
20200122,"MBO Ch.52 - Mining - options, exercise, strategies",0,0,0,0,0
20200122,"MBO Ch.53 - Oil and Biofuels - cash, termo, auction",0,0,0,0,0
20200122,"MBO Ch.54 - Oil and Biofuels - options, exercise, strategies",0,0,0,0,0
20200122,"MBO Ch.55 - Banks - cash, termo, auction",0,0,0,0,0
20200122,"MBO Ch.56 - Banks - options, exercise, strategies",0,0,0,0,0
20200122,"MBO Ch.57 - Other instruments - cash, termo, auction",0,0,0,0,0
20200122,"MBO Ch.58 - Other instruments - options, exercise, strategies",0,0,0,0,0
20200122,MBO Ch.59 - OTC,0,0,0,0,0
20200122,MBO Ch.60 - IBOVESPA Options,0,0,0,0,0
20200122,MBO Ch.62 - Index e Iopv,0,0,0,0,0
20200123,Peak of Messages -,0,0,0,0,
20200123,"MBO Ch.51 - Mining - cash, termo, auction",1.855.841,1.193,0,0,0
20200123,"MBO Ch.52 - Mining - options, exercise, strategies",18.111.557,8.114,0,0,0
20200123,"MBO Ch.53 - Oil and Biofuels - cash, termo, auction",1.636.773,1.166,0,0,0
20200123,"MBO Ch.54 - Oil and Biofuels - options, exercise, strategies",12.308.006,7.531,0,0,0
20200123,"MBO Ch.55 - Banks - cash, termo, auction",7.414.032,2.556,0,0,0
20200123,"MBO Ch.56 - Banks - options, exercise, strategies",9.473.420,7.907,0,0,0
20200123,"MBO Ch.57 - Other instruments - cash, termo, auction",7.470.933,2.527,0,0,0
20200123,"MBO Ch.58 - Other instruments - options, exercise, strategies",2.859.611,3.083,0,0,0
20200123,MBO Ch.59 - OTC,13.222,81,0,0,0
20200123,MBO Ch.60 - IBOVESPA Options,8.391.943,4.889,0,0,0
20200123,MBO Ch.62 - Index e Iopv,3.442,33,0,0,0
20200124,Peak of Messages -,0,0,0,0,
20200124,"MBO Ch.51 - Mining - cash, termo, auction",1.702.094,1.245,"   1,5026",0,0
20200124,"MBO Ch.52 - Mining - options, exercise, strategies",17.743.356,6.488,"   4,1442",0,0
20200124,"MBO Ch.53 - Oil and Biofuels - cash, termo, auction",1.537.322,1.386,"   1,1559",0,0
20200124,"MBO Ch.54 - Oil and Biofuels - options, exercise, strategies",13.651.785,7.108,"   4,2438",0,0
20200124,"MBO Ch.55 - Banks - cash, termo, auction",6.946.549,2.798,"   2,5323",0,0
20200124,"MBO Ch.56 - Banks - options, exercise, strategies",8.276.595,5.102,"   3,2020",0,0
20200124,"MBO Ch.57 - Other instruments - cash, termo, auction",7.352.250,2.353,"   4,3940",0,0
20200124,"MBO Ch.58 - Other instruments - options, exercise, strategies",2.600.599,2.531,"   1,7920",0,0
20200124,MBO Ch.59 - OTC,15.556,82,"   0,0955",0,0
20200124,MBO Ch.60 - IBOVESPA Options,10.133.291,4.603,"   3,2457",0,0
20200124,MBO Ch.62 - Index e Iopv,3.433,38,"   0,0433",0,0
20200127,Peak of Messages - 11:17:29,0,0,0,25514,"  15,8142"
20200127,"MBO Ch.51 - Mining - cash, termo, auction",2.000.295,1.473,"   1,3344",983,"   0,6214"
20200127,"MBO Ch.52 - Mining - options, exercise, strategies",18.371.016,8.020,"   4,7615",5693,"   3,3057"
20200127,"MBO Ch.53 - Oil and Biofuels - cash, termo, auction",1.860.310,2.034,"   1,3043",689,"   0,4760"
20200127,"MBO Ch.54 - Oil and Biofuels - options, exercise, strategies",13.042.786,9.398,"   5,4573",3831,"   2,2840"
20200127,"MBO Ch.55 - Banks - cash, termo, auction",8.018.899,2.568,"   1,9285",2568,"   1,9285"
20200127,"MBO Ch.56 - Banks - options, exercise, strategies",8.241.934,5.120,"   3,1405",5120,"   3,1405"
20200127,"MBO Ch.57 - Other instruments - cash, termo, auction",9.631.371,2.326,"   5,2098",2297,"   1,4539"
20200127,"MBO Ch.58 - Other instruments - options, exercise, strategies",2.479.119,2.103,"   1,4714",1543,"   0,8831"
20200127,MBO Ch.59 - OTC,11.271,100,"   0,1261",0,0
20200127,MBO Ch.60 - IBOVESPA Options,8.585.559,4.358,"   3,0430",2790,"   1,7211"
20200127,MBO Ch.62 - Index e Iopv,3.434,27,"   0,0458",0,0
20200128,Peak of Messages -,0,0,0,0,
20200128,"MBO Ch.51 - Mining - cash, termo, auction",1.572.195,1.027,"   1,3655",0,0
20200128,"MBO Ch.52 - Mining - options, exercise, strategies",17.622.763,9.779,"   5,6675",0,0
20200128,"MBO Ch.53 - Oil and Biofuels - cash, termo, auction",1.349.911,1.262,"   0,9755",0,0
20200128,"MBO Ch.54 - Oil and Biofuels - options, exercise, strategies",12.025.511,11.135,"   6,6251",0,0
20200128,"MBO Ch.55 - Banks - cash, termo, auction",7.185.426,2.566,"   2,2504",0,0
20200128,"MBO Ch.56 - Banks - options, exercise, strategies",8.097.759,6.287,"   3,9827",0,0
20200128,"MBO Ch.57 - Other instruments - cash, termo, auction",9.155.020,2.424,"   5,3660",0,0
20200128,"MBO Ch.58 - Other instruments - options, exercise, strategies",2.655.257,2.225,"   1,4634",0,0
20200128,MBO Ch.59 - OTC,9.055,95,"   0,0983",0,0
20200128,MBO Ch.60 - IBOVESPA Options,10.066.156,4.117,"   2,7299",0,0
20200128,MBO Ch.62 - Index e Iopv,3.449,33,"   0,0377",0,0
20200129,Peak of Messages - 16:00:15,0,0,0,26763,"  16,7325"
20200129,"MBO Ch.51 - Mining - cash, termo, auction",1.607.373,1.588,"   1,3238",1588,"   1,0373"
20200129,"MBO Ch.52 - Mining - options, exercise, strategies",18.339.165,7.608,"   4,6174",7583,"   4,3854"
20200129,"MBO Ch.53 - Oil and Biofuels - cash, termo, auction",1.608.380,1.134,"   0,9355",859,"   0,5506"
20200129,"MBO Ch.54 - Oil and Biofuels - options, exercise, strategies",11.326.233,7.160,"   4,1634",2968,"   1,8173"
20200129,"MBO Ch.55 - Banks - cash, termo, auction",8.373.599,2.958,"   2,0344",2958,"   1,9555"
20200129,"MBO Ch.56 - Banks - options, exercise, strategies",8.609.119,4.924,"   3,0812",3183,"   2,1497"
20200129,"MBO Ch.57 - Other instruments - cash, termo, auction",9.021.429,4.653,"   4,8445",4653,"   2,9320"
20200129,"MBO Ch.58 - Other instruments - options, exercise, strategies",3.041.934,2.838,"   1,8365",2838,"   1,8365"
20200129,MBO Ch.59 - OTC,9.107,87,"   0,0887",0,0
20200129,MBO Ch.60 - IBOVESPA Options,11.668.144,6.336,"   4,2659",133,"   0,0682"
20200129,MBO Ch.62 - Index e Iopv,3.478,36,"   0,0409",0,0
20200130,Peak of Messages - 16:43:40,0,0,0,28854,"  17,4109"
20200130,"MBO Ch.51 - Mining - cash, termo, auction",1.853.702,1.255,"   1,1773",1255,"   0,7553"
20200130,"MBO Ch.52 - Mining - options, exercise, strategies",20.242.722,10.568,"   6,1985",8463,"   4,9661"
20200130,"MBO Ch.53 - Oil and Biofuels - cash, termo, auction",1.917.937,1.134,"   0,9147",812,"   0,4686"
20200130,"MBO Ch.54 - Oil and Biofuels - options, exercise, strategies",13.617.592,10.895,"   6,3440",6233,"   3,7154"
20200130,"MBO Ch.55 - Banks - cash, termo, auction",10.373.640,2.662,"   2,5643",2662,"   1,6941"
20200130,"MBO Ch.56 - Banks - options, exercise, strategies",9.963.150,6.032,"   3,8964",3332,"   2,1443"
20200130,"MBO Ch.57 - Other instruments - cash, termo, auction",10.580.323,3.426,"   3,6404",3426,"   2,0441"
20200130,"MBO Ch.58 - Other instruments - options, exercise, strategies",3.818.017,2.848,"   1,9850",1396,"   0,9144"
20200130,MBO Ch.59 - OTC,12.362,85,"   0,1011",0,0
20200130,MBO Ch.60 - IBOVESPA Options,8.689.013,4.690,"   3,1817",1275,"   0,7088"
20200130,MBO Ch.62 - Index e Iopv,3.448,25,"   0,0459",0,0
20200131,Peak of Messages -,0,0,0,0,
20200131,"MBO Ch.51 - Mining - cash, termo, auction",1.749.736,1.113,"   1,6139",0,0
20200131,"MBO Ch.52 - Mining - options, exercise, strategies",20.149.508,9.285,"   5,6766",0,0
20200131,"MBO Ch.53 - Oil and Biofuels - cash, termo, auction",2.078.507,790,"   1,2643",0,0
20200131,"MBO Ch.54 - Oil and Biofuels - options, exercise, strategies",14.425.075,6.648,"   3,8751",0,0
20200131,"MBO Ch.55 - Banks - cash, termo, auction",10.769.599,2.893,"   3,1044",0,0
20200131,"MBO Ch.56 - Banks - options, exercise, strategies",10.124.344,7.241,"   4,5955",0,0
20200131,"MBO Ch.57 - Other instruments - cash, termo, auction",10.473.704,2.729,"   4,3817",0,0
20200131,"MBO Ch.58 - Other instruments - options, exercise, strategies",3.304.125,2.864,"   2,0834",0,0
20200131,MBO Ch.59 - OTC,15.108,94,"   0,1028",0,0
20200131,MBO Ch.60 - IBOVESPA Options,11.004.982,4.482,"   3,0260",0,0
20200131,MBO Ch.62 - Index e Iopv,3.499,39,"   0,0447",0,0
20200203,Peak of Messages - 12:00:00,0,0,0,36867,"  22,6273"
20200203,"MBO Ch.51 - Mining - cash, termo, auction",1.606.943,1.240,"   1,1466",1108,"   0,7103"
20200203,"MBO Ch.52 - Mining - options, exercise, strategies",19.075.492,9.725,"   5,7293",9011,"   5,3892"
20200203,"MBO Ch.53 - Oil and Biofuels - cash, termo, auction",1.679.778,1.266,"   1,0715",1151,"   0,6865"
20200203,"MBO Ch.54 - Oil and Biofuels - options, exercise, strategies",11.795.610,9.311,"   5,6044",9311,"   5,6044"
20200203,"MBO Ch.55 - Banks - cash, termo, auction",8.644.830,2.835,"   2,1084",2835,"   1,8475"
20200203,"MBO Ch.56 - Banks - options, exercise, strategies",8.885.804,6.044,"   3,9236",6044,"   3,9236"
20200203,"MBO Ch.57 - Other instruments - cash, termo, auction",9.065.175,2.854,"   5,6441",2765,"   1,6068"
20200203,"MBO Ch.58 - Other instruments - options, exercise, strategies",3.372.950,2.676,"   1,7703",2580,"   1,6453"
20200203,MBO Ch.59 - OTC,17.736,84,"   0,0916",0,0
20200203,MBO Ch.60 - IBOVESPA Options,8.280.509,3.976,"   2,5407",2059,"   1,1970"
20200203,MBO Ch.62 - Index e Iopv,3.482,42,"   0,0591",3,"   0,0168"
20200204,Peak of Messages - 11:31:07,0,0,0,23757,"  14,8789"
20200204,"MBO Ch.51 - Mining - cash, termo, auction",0,1.006,"   1,2839",940,"   0,6067"
20200204,"MBO Ch.52 - Mining - options, exercise, strategies",0,7.419,"   4,4917",6840,"   4,2194"
20200204,"MBO Ch.53 - Oil and Biofuels - cash, termo, auction",0,1.087,"   1,3449",486,"   0,2914"
20200204,"MBO Ch.54 - Oil and Biofuels - options, exercise, strategies",0,9.211,"   5,3811",3882,"   2,3152"
20200204,"MBO Ch.55 - Banks - cash, termo, auction",0,2.669,"   2,0305",2582,"   1,6434"
20200204,"MBO Ch.56 - Banks - options, exercise, strategies",0,4.929,"   3,0902",3197,"   2,0759"
20200204,"MBO Ch.57 - Other instruments - cash, termo, auction",0,2.787,"   5,2575",2025,"   1,2693"
20200204,"MBO Ch.58 - Other instruments - options, exercise, strategies",0,2.447,"   1,6881",2023,"   1,3421"
20200204,MBO Ch.59 - OTC,0,85,"   0,0863",0,0
20200204,MBO Ch.60 - IBOVESPA Options,0,4.386,"   3,0425",1782,"   1,1155"
20200204,MBO Ch.62 - Index e Iopv,0,28,"   0,0380",0,0
20200205,Peak of Messages - 13:36:47,0,0,0,22403,"  14,0238"
20200205,"MBO Ch.51 - Mining - cash, termo, auction",1.570.130,1.134,"   1,4318",1134,"   0,6883"
20200205,"MBO Ch.52 - Mining - options, exercise, strategies",19.315.846,8.262,"   4,9179",5484,"   3,4440"
20200205,"MBO Ch.53 - Oil and Biofuels - cash, termo, auction",1.945.664,1.690,"   1,2711",611,"   0,3724"
20200205,"MBO Ch.54 - Oil and Biofuels - options, exercise, strategies",13.114.134,8.607,"   5,1018",4057,"   2,3965"
20200205,"MBO Ch.55 - Banks - cash, termo, auction",8.307.159,3.026,"   2,3672",1966,"   1,2621"
20200205,"MBO Ch.56 - Banks - options, exercise, strategies",8.303.923,5.508,"   3,5679",3027,"   2,0265"
20200205,"MBO Ch.57 - Other instruments - cash, termo, auction",9.398.548,2.429,"   4,1465",2355,"   1,4022"
20200205,"MBO Ch.58 - Other instruments - options, exercise, strategies",2.919.284,2.314,"   1,4373",1351,"   0,8800"
20200205,MBO Ch.59 - OTC,15.326,91,"   0,0920",1,"   0,0004"
20200205,MBO Ch.60 - IBOVESPA Options,5.821.542,3.599,"   2,3411",2417,"   1,5512"
20200205,MBO Ch.62 - Index e Iopv,3.487,33,"   0,0380",0,0
20200206,Peak of Messages - 12:28:49,0,0,0,28513,"  17,8592"
20200206,"MBO Ch.51 - Mining - cash, termo, auction",1.650.724,1.317,"   1,2536",1267,"   0,8671"
20200206,"MBO Ch.52 - Mining - options, exercise, strategies",19.622.332,10.041,"   6,2603",6597,"   4,0113"
20200206,"MBO Ch.53 - Oil and Biofuels - cash, termo, auction",2.371.970,1.496,"   1,2997",906,"   0,5804"
20200206,"MBO Ch.54 - Oil and Biofuels - options, exercise, strategies",15.177.105,8.642,"   5,1174",4105,"   2,4052"
20200206,"MBO Ch.55 - Banks - cash, termo, auction",8.411.078,2.569,"   2,2503",2104,"   1,3852"
20200206,"MBO Ch.56 - Banks - options, exercise, strategies",7.880.562,5.529,"   3,4929",4734,"   3,0644"
20200206,"MBO Ch.57 - Other instruments - cash, termo, auction",9.829.220,3.029,"   3,7393",2928,"   1,8750"
20200206,"MBO Ch.58 - Other instruments - options, exercise, strategies",3.721.102,3.300,"   2,1398",3300,"   2,1398"
20200206,MBO Ch.59 - OTC,16.386,92,"   0,1034",1,"   0,0011"
20200206,MBO Ch.60 - IBOVESPA Options,6.991.466,3.820,"   2,6506",2571,"   1,5297"
20200206,MBO Ch.62 - Index e Iopv,3.449,37,"   0,0459",0,0
20200207,Peak of Messages - 13:31:28,0,0,0,28336,"  17,7729"
20200207,"MBO Ch.51 - Mining - cash, termo, auction",1.636.453,1.207,"   1,2191",881,"   0,5160"
20200207,"MBO Ch.52 - Mining - options, exercise, strategies",21.734.452,8.109,"   4,9790",6112,"   3,9278"
20200207,"MBO Ch.53 - Oil and Biofuels - cash, termo, auction",2.250.819,1.899,"   1,3229",1159,"   0,7197"
20200207,"MBO Ch.54 - Oil and Biofuels - options, exercise, strategies",14.720.895,8.368,"   5,0105",8368,"   5,0105"
20200207,"MBO Ch.55 - Banks - cash, termo, auction",9.035.237,2.995,"   2,2511",1534,"   1,0121"
20200207,"MBO Ch.56 - Banks - options, exercise, strategies",9.218.654,5.787,"   3,6796",2434,"   1,6540"
20200207,"MBO Ch.57 - Other instruments - cash, termo, auction",9.714.640,2.948,"   3,8601",2540,"   1,4394"
20200207,"MBO Ch.58 - Other instruments - options, exercise, strategies",3.019.901,3.151,"   2,1158",1763,"   1,1957"
20200207,MBO Ch.59 - OTC,19.490,96,"   0,2053",0,0
20200207,MBO Ch.60 - IBOVESPA Options,8.527.545,4.107,"   2,7629",3545,"   2,2976"
20200207,MBO Ch.62 - Index e Iopv,3.478,33,"   0,0381",0,0
20200210,Peak of Messages - 11:49:40,0,0,0,24126,"  15,1286"
20200210,"MBO Ch.51 - Mining - cash, termo, auction",1.444.028,1.004,"   1,0890",732,"   0,4511"
20200210,"MBO Ch.52 - Mining - options, exercise, strategies",18.420.165,8.992,"   5,3161",6074,"   3,7596"
20200210,"MBO Ch.53 - Oil and Biofuels - cash, termo, auction",1.953.125,1.130,"   0,9882",564,"   0,3500"
20200210,"MBO Ch.54 - Oil and Biofuels - options, exercise, strategies",12.537.374,6.336,"   3,6782",5003,"   2,9972"
20200210,"MBO Ch.55 - Banks - cash, termo, auction",7.684.274,2.392,"   1,9113",2189,"   1,4302"
20200210,"MBO Ch.56 - Banks - options, exercise, strategies",7.941.263,6.131,"   3,7644",3437,"   2,2484"
20200210,"MBO Ch.57 - Other instruments - cash, termo, auction",9.662.742,2.368,"   5,2674",1536,"   0,9071"
20200210,"MBO Ch.58 - Other instruments - options, exercise, strategies",3.104.006,3.396,"   2,3223",2091,"   1,3882"
20200210,MBO Ch.59 - OTC,17.271,89,"   0,1149",0,0
20200210,MBO Ch.60 - IBOVESPA Options,6.065.193,3.766,"   2,4527",2500,"   1,5968"
20200210,MBO Ch.62 - Index e Iopv,3.467,40,"   0,0433",0,0
20200211,Peak of Messages - 11:23:27,0,0,0,28224,"  17,7618"
20200211,"MBO Ch.51 - Mining - cash, termo, auction",1.629.746,965,"   1,1500",862,"   0,5803"
20200211,"MBO Ch.52 - Mining - options, exercise, strategies",17.402.448,8.450,"   4,9430",5663,"   3,4912"
20200211,"MBO Ch.53 - Oil and Biofuels - cash, termo, auction",1.850.577,947,"   1,1059",900,"   0,6080"
20200211,"MBO Ch.54 - Oil and Biofuels - options, exercise, strategies",13.071.161,8.218,"   4,7991",7239,"   4,1760"
20200211,"MBO Ch.55 - Banks - cash, termo, auction",7.753.568,2.772,"   2,1343",2625,"   1,7606"
20200211,"MBO Ch.56 - Banks - options, exercise, strategies",8.363.819,4.975,"   3,0461",3908,"   2,5602"
20200211,"MBO Ch.57 - Other instruments - cash, termo, auction",9.243.419,2.418,"   5,2501",2013,"   1,3087"
20200211,"MBO Ch.58 - Other instruments - options, exercise, strategies",3.135.266,2.634,"   1,8199",2383,"   1,5703"
20200211,MBO Ch.59 - OTC,16.380,87,"   0,0983",0,0
20200211,MBO Ch.60 - IBOVESPA Options,8.738.915,5.261,"   3,4897",2631,"   1,7063"
20200211,MBO Ch.62 - Index e Iopv,3.392,37,"   0,0419",0,0
20200212,Peak of Messages - 14:58:08,0,0,0,26909,"  16,7821"
20200212,"MBO Ch.51 - Mining - cash, termo, auction",1.572.279,1.367,"   1,3181",702,"   0,4419"
20200212,"MBO Ch.52 - Mining - options, exercise, strategies",16.832.938,7.280,"   4,2858",4729,"   2,9215"
20200212,"MBO Ch.53 - Oil and Biofuels - cash, termo, auction",2.014.744,1.403,"   1,1833",744,"   0,4883"
20200212,"MBO Ch.54 - Oil and Biofuels - options, exercise, strategies",14.276.209,10.052,"   6,0589",4735,"   2,7825"
20200212,"MBO Ch.55 - Banks - cash, termo, auction",8.218.183,3.279,"   2,3761",2609,"   1,7116"
20200212,"MBO Ch.56 - Banks - options, exercise, strategies",8.583.583,6.427,"   3,9763",5045,"   3,1820"
20200212,"MBO Ch.57 - Other instruments - cash, termo, auction",9.062.074,2.306,"   4,8694",1698,"   1,0752"
20200212,"MBO Ch.58 - Other instruments - options, exercise, strategies",3.643.023,3.372,"   2,3072",2171,"   1,3888"
20200212,MBO Ch.59 - OTC,11.730,89,"   0,0959",0,0
20200212,MBO Ch.60 - IBOVESPA Options,9.426.033,4.476,"   2,7905",4476,"   2,7905"
20200212,MBO Ch.62 - Index e Iopv,3.500,40,"   0,0588",0,0
20200213,Peak of Messages -,0,0,0,0,
20200213,"MBO Ch.51 - Mining - cash, termo, auction",0,0,0,0,0
20200213,"MBO Ch.52 - Mining - options, exercise, strategies",0,0,0,0,0
20200213,"MBO Ch.53 - Oil and Biofuels - cash, termo, auction",0,0,0,0,0
20200213,"MBO Ch.54 - Oil and Biofuels - options, exercise, strategies",0,0,0,0,0
20200213,"MBO Ch.55 - Banks - cash, termo, auction",0,0,0,0,0
20200213,"MBO Ch.56 - Banks - options, exercise, strategies",0,0,0,0,0
20200213,"MBO Ch.57 - Other instruments - cash, termo, auction",0,0,0,0,0
20200213,"MBO Ch.58 - Other instruments - options, exercise, strategies",0,0,0,0,0
20200213,MBO Ch.59 - OTC,0,0,0,0,0
20200213,MBO Ch.60 - IBOVESPA Options,0,0,0,0,0
20200213,MBO Ch.62 - Index e Iopv,0,0,0,0,0
20200214,Peak of Messages - 13:46:29,0,0,0,28201,"  17,7177"
20200214,"MBO Ch.51 - Mining - cash, termo, auction",1.526.364,1.336,"   1,5402",1024,"   0,6588"
20200214,"MBO Ch.52 - Mining - options, exercise, strategies",16.382.121,8.048,"   4,7830",6540,"   3,9744"
20200214,"MBO Ch.53 - Oil and Biofuels - cash, termo, auction",1.561.906,888,"   1,1351",750,"   0,4572"
20200214,"MBO Ch.54 - Oil and Biofuels - options, exercise, strategies",12.695.778,7.237,"   4,1457",5201,"   3,1439"
20200214,"MBO Ch.55 - Banks - cash, termo, auction",6.912.241,2.207,"   2,1682",2169,"   1,4339"
20200214,"MBO Ch.56 - Banks - options, exercise, strategies",7.097.852,5.055,"   3,2004",3473,"   2,2431"
20200214,"MBO Ch.57 - Other instruments - cash, termo, auction",8.497.538,2.594,"   4,0601",2463,"   1,5495"
20200214,"MBO Ch.58 - Other instruments - options, exercise, strategies",3.301.714,2.753,"   1,8832",2259,"   1,4917"
20200214,MBO Ch.59 - OTC,9.770,95,"   0,1116",0,0
20200214,MBO Ch.60 - IBOVESPA Options,9.387.920,4.970,"   3,3004",4322,"   2,7653"
20200214,MBO Ch.62 - Index e Iopv,3.489,39,"   0,0588",0,0
20200217,Peak of Messages - 17:09:09,0,0,0,29410,"  18,9245"
20200217,"MBO Ch.51 - Mining - cash, termo, auction",961.827,1.623,"   1,2472",897,"   0,6563"
20200217,"MBO Ch.52 - Mining - options, exercise, strategies",14.525.762,8.388,"   5,0771",6543,"   4,0069"
20200217,"MBO Ch.53 - Oil and Biofuels - cash, termo, auction",1.084.714,735,"   1,0072",735,"   0,5428"
20200217,"MBO Ch.54 - Oil and Biofuels - options, exercise, strategies",9.827.878,6.176,"   3,7134",6176,"   3,7134"
20200217,"MBO Ch.55 - Banks - cash, termo, auction",4.687.582,2.170,"   1,9083",1999,"   1,4779"
20200217,"MBO Ch.56 - Banks - options, exercise, strategies",5.716.878,6.445,"   3,8379",5892,"   3,7850"
20200217,"MBO Ch.57 - Other instruments - cash, termo, auction",5.575.991,1.982,"   5,3755",1948,"   1,2855"
20200217,"MBO Ch.58 - Other instruments - options, exercise, strategies",2.119.021,2.580,"   1,7012",2580,"   1,7012"
20200217,MBO Ch.59 - OTC,13.720,92,"   0,1062",0,0
20200217,MBO Ch.60 - IBOVESPA Options,5.203.287,3.596,"   2,3321",2640,"   1,7555"
20200217,MBO Ch.62 - Index e Iopv,3.394,38,"   0,0455",0,0
20200218,Peak of Messages -,0,0,0,0,
20200218,"MBO Ch.51 - Mining - cash, termo, auction",0,0,0,0,0
20200218,"MBO Ch.52 - Mining - options, exercise, strategies",0,0,0,0,0
20200218,"MBO Ch.53 - Oil and Biofuels - cash, termo, auction",0,0,0,0,0
20200218,"MBO Ch.54 - Oil and Biofuels - options, exercise, strategies",0,0,0,0,0
20200218,"MBO Ch.55 - Banks - cash, termo, auction",0,0,0,0,0
20200218,"MBO Ch.56 - Banks - options, exercise, strategies",0,0,0,0,0
20200218,"MBO Ch.57 - Other instruments - cash, termo, auction",0,0,0,0,0
20200218,"MBO Ch.58 - Other instruments - options, exercise, strategies",0,0,0,0,0
20200218,MBO Ch.59 - OTC,0,0,0,0,0
20200218,MBO Ch.60 - IBOVESPA Options,0,0,0,0,0
20200218,MBO Ch.62 - Index e Iopv,0,0,0,0,0
20200219,Peak of Messages -,0,0,0,0,
20200219,"MBO Ch.51 - Mining - cash, termo, auction",1.566.301,1.256,0,0,0
20200219,"MBO Ch.52 - Mining - options, exercise, strategies",16.528.289,9.996,0,0,0
20200219,"MBO Ch.53 - Oil and Biofuels - cash, termo, auction",1.543.728,893,0,0,0
20200219,"MBO Ch.54 - Oil and Biofuels - options, exercise, strategies",11.621.147,7.502,0,0,0
20200219,"MBO Ch.55 - Banks - cash, termo, auction",6.495.043,3.009,0,0,0
20200219,"MBO Ch.56 - Banks - options, exercise, strategies",7.335.139,4.640,0,0,0
20200219,"MBO Ch.57 - Other instruments - cash, termo, auction",8.218.125,3.128,0,0,0
20200219,"MBO Ch.58 - Other instruments - options, exercise, strategies",2.862.611,3.683,0,0,0
20200219,MBO Ch.59 - OTC,23.426,91,0,0,0
20200219,MBO Ch.60 - IBOVESPA Options,7.498.628,3.644,0,0,0
20200219,MBO Ch.62 - Index e Iopv,3.496,37,0,0,0
20200221,Peak of Messages - 11:45:00,0,0,0,31851,"  20,2983"
20200221,"MBO Ch.51 - Mining - cash, termo, auction",1.646.992,1.569,"   1,6224",1569,"   1,0244"
20200221,"MBO Ch.52 - Mining - options, exercise, strategies",20.154.920,10.030,"   6,3538",10030,"   6,3538"
20200221,"MBO Ch.53 - Oil and Biofuels - cash, termo, auction",1.870.769,1.386,"   1,0963",945,"   0,5928"
20200221,"MBO Ch.54 - Oil and Biofuels - options, exercise, strategies",13.572.725,10.590,"   6,2047",5096,"   3,1254"
20200221,"MBO Ch.55 - Banks - cash, termo, auction",7.903.408,2.154,"   2,5860",2154,"   1,4274"
20200221,"MBO Ch.56 - Banks - options, exercise, strategies",6.614.325,4.712,"   3,0225",4294,"   2,8062"
20200221,"MBO Ch.57 - Other instruments - cash, termo, auction",10.510.619,3.024,"   3,6616",2993,"   1,7811"
20200221,"MBO Ch.58 - Other instruments - options, exercise, strategies",3.320.018,3.239,"   2,2581",2638,"   1,7495"
20200221,MBO Ch.59 - OTC,12.728,79,"   0,1071",1,"   0,0003"
20200221,MBO Ch.60 - IBOVESPA Options,11.004.578,3.740,"   2,4660",2128,"   1,4206"
20200221,MBO Ch.62 - Index e Iopv,4.463,32,"   0,0459",3,"   0,0169"
20200226,Peak of Messages -,0,0,0,0,
20200226,"MBO Ch.51 - Mining - cash, termo, auction",2.145.391,1.337,0,0,0
20200226,"MBO Ch.52 - Mining - options, exercise, strategies",16.133.696,7.776,0,0,0
20200226,"MBO Ch.53 - Oil and Biofuels - cash, termo, auction",2.099.494,1.304,0,0,0
20200226,"MBO Ch.54 - Oil and Biofuels - options, exercise, strategies",12.334.799,6.796,0,0,0
20200226,"MBO Ch.55 - Banks - cash, termo, auction",10.048.771,2.394,0,0,0
20200226,"MBO Ch.56 - Banks - options, exercise, strategies",6.127.271,4.203,0,0,0
20200226,"MBO Ch.57 - Other instruments - cash, termo, auction",11.276.136,3.246,0,0,0
20200226,"MBO Ch.58 - Other instruments - options, exercise, strategies",3.689.280,2.495,0,0,0
20200226,MBO Ch.59 - OTC,18.165,74,0,0,0
20200226,MBO Ch.60 - IBOVESPA Options,7.159.100,3.674,0,0,0
20200226,MBO Ch.62 - Index e Iopv,2.884,25,0,0,0
20200228,Peak of Messages - 11:38:10,0,0,0,27460,"  17,1780"
20200228,"MBO Ch.51 - Mining - cash, termo, auction",4.329.515,1.347,"   1,6896",965,"   0,6535"
20200228,"MBO Ch.52 - Mining - options, exercise, strategies",32.402.034,8.428,"   5,0593",8428,"   5,0593"
20200228,"MBO Ch.53 - Oil and Biofuels - cash, termo, auction",4.027.457,1.212,"   1,4838",962,"   0,5860"
20200228,"MBO Ch.54 - Oil and Biofuels - options, exercise, strategies",20.596.478,10.134,"   5,7649",3763,"   2,2211"
20200228,"MBO Ch.55 - Banks - cash, termo, auction",21.723.602,3.158,"   3,4389",2074,"   1,4953"
20200228,"MBO Ch.56 - Banks - options, exercise, strategies",13.925.428,5.157,"   3,1470",2418,"   1,6328"
20200228,"MBO Ch.57 - Other instruments - cash, termo, auction",23.994.977,4.250,"   5,3612",4250,"   2,4708"
20200228,"MBO Ch.58 - Other instruments - options, exercise, strategies",5.739.063,2.560,"   1,6629",2485,"   1,6469"
20200228,MBO Ch.59 - OTC,44.317,105,"   0,2793",0,0
20200228,MBO Ch.60 - IBOVESPA Options,8.752.017,3.570,"   2,4550",2115,"   1,4123"
20200228,MBO Ch.62 - Index e Iopv,3.484,40,"   0,0665",0,0
20200303,Peak of Messages -,0,0,0,0,
20200303,"MBO Ch.51 - Mining - cash, termo, auction",3.690.871,1.603,"   1,2535",0,0
20200303,"MBO Ch.52 - Mining - options, exercise, strategies",31.706.996,11.463,"   6,6566",0,0
20200303,"MBO Ch.53 - Oil and Biofuels - cash, termo, auction",4.034.760,1.938,"   1,2830",0,0
20200303,"MBO Ch.54 - Oil and Biofuels - options, exercise, strategies",17.977.589,10.968,"   6,8386",0,0
20200303,"MBO Ch.55 - Banks - cash, termo, auction",20.007.910,2.922,"   2,3973",0,0
20200303,"MBO Ch.56 - Banks - options, exercise, strategies",13.338.914,4.728,"   2,9325",0,0
20200303,"MBO Ch.57 - Other instruments - cash, termo, auction",22.714.468,3.541,"   4,9434",0,0
20200303,"MBO Ch.58 - Other instruments - options, exercise, strategies",6.475.833,3.725,"   2,4150",0,0
20200303,MBO Ch.59 - OTC,38.970,88,"   0,0880",0,0
20200303,MBO Ch.60 - IBOVESPA Options,22.640.325,5.167,"   3,3995",0,0
20200303,MBO Ch.62 - Index e Iopv,3.485,38,"   0,0456",0,0
20200304,Peak of Messages -,0,0,0,0,
20200304,"MBO Ch.51 - Mining - cash, termo, auction",0,0,0,0,0
20200304,"MBO Ch.52 - Mining - options, exercise, strategies",0,0,0,0,0
20200304,"MBO Ch.53 - Oil and Biofuels - cash, termo, auction",0,0,0,0,0
20200304,"MBO Ch.54 - Oil and Biofuels - options, exercise, strategies",0,0,0,0,0
20200304,"MBO Ch.55 - Banks - cash, termo, auction",0,0,0,0,0
20200304,"MBO Ch.56 - Banks - options, exercise, strategies",0,0,0,0,0
20200304,"MBO Ch.57 - Other instruments - cash, termo, auction",0,0,0,0,0
20200304,"MBO Ch.58 - Other instruments - options, exercise, strategies",0,0,0,0,0
20200304,MBO Ch.59 - OTC,0,0,0,0,0
20200304,MBO Ch.60 - IBOVESPA Options,0,0,0,0,0
20200304,MBO Ch.62 - Index e Iopv,0,0,0,0,0
20200305,Peak of Messages -,0,0,0,0,
20200305,"MBO Ch.51 - Mining - cash, termo, auction",0,0,0,0,0
20200305,"MBO Ch.52 - Mining - options, exercise, strategies",0,0,0,0,0
20200305,"MBO Ch.53 - Oil and Biofuels - cash, termo, auction",0,0,0,0,0
20200305,"MBO Ch.54 - Oil and Biofuels - options, exercise, strategies",0,0,0,0,0
20200305,"MBO Ch.55 - Banks - cash, termo, auction",0,0,0,0,0
20200305,"MBO Ch.56 - Banks - options, exercise, strategies",0,0,0,0,0
20200305,"MBO Ch.57 - Other instruments - cash, termo, auction",0,0,0,0,0
20200305,"MBO Ch.58 - Other instruments - options, exercise, strategies",0,0,0,0,0
20200305,MBO Ch.59 - OTC,0,0,0,0,0
20200305,MBO Ch.60 - IBOVESPA Options,0,0,0,0,0
20200305,MBO Ch.62 - Index e Iopv,0,0,0,0,0
20200310,Peak of Messages -,0,0,0,0,
20200310,"MBO Ch.51 - Mining - cash, termo, auction",0,0,0,0,0
20200310,"MBO Ch.52 - Mining - options, exercise, strategies",0,0,0,0,0
20200310,"MBO Ch.53 - Oil and Biofuels - cash, termo, auction",0,0,0,0,0
20200310,"MBO Ch.54 - Oil and Biofuels - options, exercise, strategies",0,0,0,0,0
20200310,"MBO Ch.55 - Banks - cash, termo, auction",0,0,0,0,0
20200310,"MBO Ch.56 - Banks - options, exercise, strategies",0,0,0,0,0
20200310,"MBO Ch.57 - Other instruments - cash, termo, auction",0,0,0,0,0
20200310,"MBO Ch.58 - Other instruments - options, exercise, strategies",0,0,0,0,0
20200310,MBO Ch.59 - OTC,0,0,0,0,0
20200310,MBO Ch.60 - IBOVESPA Options,0,0,0,0,0
20200310,MBO Ch.62 - Index e Iopv,0,0,0,0,0
20200311,Peak of Messages -,0,0,0,0,
20200311,"MBO Ch.51 - Mining - cash, termo, auction",0,0,0,0,0
20200311,"MBO Ch.52 - Mining - options, exercise, strategies",0,0,0,0,0
20200311,"MBO Ch.53 - Oil and Biofuels - cash, termo, auction",0,0,0,0,0
20200311,"MBO Ch.54 - Oil and Biofuels - options, exercise, strategies",0,0,0,0,0
20200311,"MBO Ch.55 - Banks - cash, termo, auction",0,0,0,0,0
20200311,"MBO Ch.56 - Banks - options, exercise, strategies",0,0,0,0,0
20200311,"MBO Ch.57 - Other instruments - cash, termo, auction",0,0,0,0,0
20200311,"MBO Ch.58 - Other instruments - options, exercise, strategies",0,0,0,0,0
20200311,MBO Ch.59 - OTC,0,0,0,0,0
20200311,MBO Ch.60 - IBOVESPA Options,0,0,0,0,0
20200311,MBO Ch.62 - Index e Iopv,0,0,0,0,0
20200313,Peak of Messages - 13:23:37,0,0,0,24882,"  15,4098"
20200313,"MBO Ch.51 - Mining - cash, termo, auction",3.864.645,1.752,"   2,2968",1120,"   0,7219"
20200313,"MBO Ch.52 - Mining - options, exercise, strategies",19.586.765,7.899,"   4,8371",4440,"   2,6068"
20200313,"MBO Ch.53 - Oil and Biofuels - cash, termo, auction",3.211.356,1.325,"   4,5282",706,"   0,4502"
20200313,"MBO Ch.54 - Oil and Biofuels - options, exercise, strategies",17.540.353,6.748,"   4,1554",4203,"   2,6340"
20200313,"MBO Ch.55 - Banks - cash, termo, auction",14.432.903,3.204,"   2,5227",2582,"   1,6908"
20200313,"MBO Ch.56 - Banks - options, exercise, strategies",9.502.301,8.226,"   5,0374",3485,"   2,2199"
20200313,"MBO Ch.57 - Other instruments - cash, termo, auction",23.732.706,3.928,"   4,5525",2424,"   1,3378"
20200313,"MBO Ch.58 - Other instruments - options, exercise, strategies",5.850.963,6.236,"   4,1298",3076,"   1,8420"
20200313,MBO Ch.59 - OTC,9.168,69,"   0,0888",0,0
20200313,MBO Ch.60 - IBOVESPA Options,1.637.126,3.638,"   2,4570",2846,"   1,9065"
20200313,MBO Ch.62 - Index e Iopv,3.286,24,"   0,0380",0,0
20200316,Peak of Messages - 19:45:00,0,0,0,10726,"  17,2878"
20200316,"MBO Ch.51 - Mining - cash, termo, auction",3.976.057,1.780,"   3,0329",460,"   3,0329"
20200316,"MBO Ch.52 - Mining - options, exercise, strategies",13.077.379,5.781,"   3,5763",4468,"   2,8556"
20200316,"MBO Ch.53 - Oil and Biofuels - cash, termo, auction",2.364.850,1.147,"   3,5544",31,"   0,0118"
20200316,"MBO Ch.54 - Oil and Biofuels - options, exercise, strategies",6.389.741,3.555,"   2,2182",387,"   0,1655"
20200316,"MBO Ch.55 - Banks - cash, termo, auction",12.627.792,3.288,"   4,2553",751,"   4,2553"
20200316,"MBO Ch.56 - Banks - options, exercise, strategies",4.724.683,4.227,"   2,6792",2709,"   1,7875"
20200316,"MBO Ch.57 - Other instruments - cash, termo, auction",23.482.049,3.665,"   4,9589",1519,"   4,9589"
20200316,"MBO Ch.58 - Other instruments - options, exercise, strategies",4.738.841,4.919,"   3,1996",205,"   0,0914"
20200316,MBO Ch.59 - OTC,13.694,70,"   0,0741",70,"   0,0741"
20200316,MBO Ch.60 - IBOVESPA Options,1.534.869,3.969,"   2,7098",123,"   0,0539"
20200316,MBO Ch.62 - Index e Iopv,3.108,25,"   0,0455",3,"   0,0009"
20200317,Peak of Messages -,0,0,0,0,
20200317,"MBO Ch.51 - Mining - cash, termo, auction",0,0,0,0,0
20200317,"MBO Ch.52 - Mining - options, exercise, strategies",0,0,0,0,0
20200317,"MBO Ch.53 - Oil and Biofuels - cash, termo, auction",0,0,0,0,0
20200317,"MBO Ch.54 - Oil and Biofuels - options, exercise, strategies",0,0,0,0,0
20200317,"MBO Ch.55 - Banks - cash, termo, auction",0,0,0,0,0
20200317,"MBO Ch.56 - Banks - options, exercise, strategies",0,0,0,0,0
20200317,"MBO Ch.57 - Other instruments - cash, termo, auction",0,0,0,0,0
20200317,"MBO Ch.58 - Other instruments - options, exercise, strategies",0,0,0,0,0
20200317,MBO Ch.59 - OTC,0,0,0,0,0
20200317,MBO Ch.60 - IBOVESPA Options,0,0,0,0,0
20200317,MBO Ch.62 - Index e Iopv,0,0,0,0,0
20200318,Peak of Messages -,0,0,0,0,
20200318,"MBO Ch.51 - Mining - cash, termo, auction",0,0,0,0,0
20200318,"MBO Ch.52 - Mining - options, exercise, strategies",0,0,0,0,0
20200318,"MBO Ch.53 - Oil and Biofuels - cash, termo, auction",0,0,0,0,0
20200318,"MBO Ch.54 - Oil and Biofuels - options, exercise, strategies",0,0,0,0,0
20200318,"MBO Ch.55 - Banks - cash, termo, auction",0,0,0,0,0
20200318,"MBO Ch.56 - Banks - options, exercise, strategies",0,0,0,0,0
20200318,"MBO Ch.57 - Other instruments - cash, termo, auction",0,0,0,0,0
20200318,"MBO Ch.58 - Other instruments - options, exercise, strategies",0,0,0,0,0
20200318,MBO Ch.59 - OTC,0,0,0,0,0
20200318,MBO Ch.60 - IBOVESPA Options,0,0,0,0,0
20200318,MBO Ch.62 - Index e Iopv,0,0,0,0,0
20200319,Peak of Messages -,0,0,0,0,
20200319,"MBO Ch.51 - Mining - cash, termo, auction",0,0,0,0,0
20200319,"MBO Ch.52 - Mining - options, exercise, strategies",0,0,0,0,0
20200319,"MBO Ch.53 - Oil and Biofuels - cash, termo, auction",0,0,0,0,0
20200319,"MBO Ch.54 - Oil and Biofuels - options, exercise, strategies",0,0,0,0,0
20200319,"MBO Ch.55 - Banks - cash, termo, auction",0,0,0,0,0
20200319,"MBO Ch.56 - Banks - options, exercise, strategies",0,0,0,0,0
20200319,"MBO Ch.57 - Other instruments - cash, termo, auction",0,0,0,0,0
20200319,"MBO Ch.58 - Other instruments - options, exercise, strategies",0,0,0,0,0
20200319,MBO Ch.59 - OTC,0,0,0,0,0
20200319,MBO Ch.60 - IBOVESPA Options,0,0,0,0,0
20200319,MBO Ch.62 - Index e Iopv,0,0,0,0,0
20200320,Peak of Messages - 15:23:47,0,0,0,27596,"  17,5803"
20200320,"MBO Ch.51 - Mining - cash, termo, auction",4.539.527,1.110,"   2,0159",1098,"   0,7149"
20200320,"MBO Ch.52 - Mining - options, exercise, strategies",31.659.338,8.719,"   5,4847",8719,"   5,4847"
20200320,"MBO Ch.53 - Oil and Biofuels - cash, termo, auction",3.113.091,1.136,"   3,1282",743,"   0,4592"
20200320,"MBO Ch.54 - Oil and Biofuels - options, exercise, strategies",17.355.708,6.156,"   3,4834",3554,"   2,2129"
20200320,"MBO Ch.55 - Banks - cash, termo, auction",22.026.198,3.194,"   3,4985",3010,"   2,0934"
20200320,"MBO Ch.56 - Banks - options, exercise, strategies",12.625.063,4.686,"   2,6570",3600,"   2,2635"
20200320,"MBO Ch.57 - Other instruments - cash, termo, auction",23.705.237,3.653,"   3,7129",2513,"   1,5570"
20200320,"MBO Ch.58 - Other instruments - options, exercise, strategies",7.710.358,4.124,"   2,7134",1543,"   0,9384"
20200320,MBO Ch.59 - OTC,28.441,72,"   0,0723",0,0
20200320,MBO Ch.60 - IBOVESPA Options,3.225.883,5.061,"   3,1959",2816,"   1,8552"
20200320,MBO Ch.62 - Index e Iopv,3.271,24,"   0,0380",0,0
20200323,Peak of Messages -,0,0,0,0,
20200323,"MBO Ch.51 - Mining - cash, termo, auction",0,0,0,0,0
20200323,"MBO Ch.52 - Mining - options, exercise, strategies",0,0,0,0,0
20200323,"MBO Ch.53 - Oil and Biofuels - cash, termo, auction",0,0,0,0,0
20200323,"MBO Ch.54 - Oil and Biofuels - options, exercise, strategies",0,0,0,0,0
20200323,"MBO Ch.55 - Banks - cash, termo, auction",0,0,0,0,0
20200323,"MBO Ch.56 - Banks - options, exercise, strategies",0,0,0,0,0
20200323,"MBO Ch.57 - Other instruments - cash, termo, auction",0,0,0,0,0
20200323,"MBO Ch.58 - Other instruments - options, exercise, strategies",0,0,0,0,0
20200323,MBO Ch.59 - OTC,0,0,0,0,0
20200323,MBO Ch.60 - IBOVESPA Options,0,0,0,0,0
20200323,MBO Ch.62 - Index e Iopv,0,0,0,0,0
20200324,Peak of Messages -,0,0,0,0,
20200324,"MBO Ch.51 - Mining - cash, termo, auction",0,0,0,0,0
20200324,"MBO Ch.52 - Mining - options, exercise, strategies",0,0,0,0,0
20200324,"MBO Ch.53 - Oil and Biofuels - cash, termo, auction",0,0,0,0,0
20200324,"MBO Ch.54 - Oil and Biofuels - options, exercise, strategies",0,0,0,0,0
20200324,"MBO Ch.55 - Banks - cash, termo, auction",0,0,0,0,0
20200324,"MBO Ch.56 - Banks - options, exercise, strategies",0,0,0,0,0
20200324,"MBO Ch.57 - Other instruments - cash, termo, auction",0,0,0,0,0
20200324,"MBO Ch.58 - Other instruments - options, exercise, strategies",0,0,0,0,0
20200324,MBO Ch.59 - OTC,0,0,0,0,0
20200324,MBO Ch.60 - IBOVESPA Options,0,0,0,0,0
20200324,MBO Ch.62 - Index e Iopv,0,0,0,0,0
20200325,Peak of Messages -,0,0,0,0,
20200325,"MBO Ch.51 - Mining - cash, termo, auction",0,0,0,0,0
20200325,"MBO Ch.52 - Mining - options, exercise, strategies",0,0,0,0,0
20200325,"MBO Ch.53 - Oil and Biofuels - cash, termo, auction",0,0,0,0,0
20200325,"MBO Ch.54 - Oil and Biofuels - options, exercise, strategies",0,0,0,0,0
20200325,"MBO Ch.55 - Banks - cash, termo, auction",0,0,0,0,0
20200325,"MBO Ch.56 - Banks - options, exercise, strategies",0,0,0,0,0
20200325,"MBO Ch.57 - Other instruments - cash, termo, auction",0,0,0,0,0
20200325,"MBO Ch.58 - Other instruments - options, exercise, strategies",0,0,0,0,0
20200325,MBO Ch.59 - OTC,0,0,0,0,0
20200325,MBO Ch.60 - IBOVESPA Options,0,0,0,0,0
20200325,MBO Ch.62 - Index e Iopv,0,0,0,0,0
20200326,Peak of Messages -,0,0,0,0,
20200326,"MBO Ch.51 - Mining - cash, termo, auction",0,0,0,0,0
20200326,"MBO Ch.52 - Mining - options, exercise, strategies",0,0,0,0,0
20200326,"MBO Ch.53 - Oil and Biofuels - cash, termo, auction",0,0,0,0,0
20200326,"MBO Ch.54 - Oil and Biofuels - options, exercise, strategies",0,0,0,0,0
20200326,"MBO Ch.55 - Banks - cash, termo, auction",0,0,0,0,0
20200326,"MBO Ch.56 - Banks - options, exercise, strategies",0,0,0,0,0
20200326,"MBO Ch.57 - Other instruments - cash, termo, auction",0,0,0,0,0
20200326,"MBO Ch.58 - Other instruments - options, exercise, strategies",0,0,0,0,0
20200326,MBO Ch.59 - OTC,0,0,0,0,0
20200326,MBO Ch.60 - IBOVESPA Options,0,0,0,0,0
20200326,MBO Ch.62 - Index e Iopv,0,0,0,0,0
20200327,Peak of Messages - 11:10:34,0,0,0,26236,"  16,2272"
20200327,"MBO Ch.51 - Mining - cash, termo, auction",2.630.347,1.117,"   2,2702",956,"   0,6388"
20200327,"MBO Ch.52 - Mining - options, exercise, strategies",27.009.461,8.389,"   5,3255",5699,"   3,4958"
20200327,"MBO Ch.53 - Oil and Biofuels - cash, termo, auction",2.376.187,985,"   3,4205",682,"   0,4644"
20200327,"MBO Ch.54 - Oil and Biofuels - options, exercise, strategies",10.304.117,4.448,"   2,7816",1648,"   1,0261"
20200327,"MBO Ch.55 - Banks - cash, termo, auction",17.346.985,2.717,"   4,1614",2717,"   1,8672"
20200327,"MBO Ch.56 - Banks - options, exercise, strategies",11.324.703,4.843,"   3,0239",3706,"   2,4768"
20200327,"MBO Ch.57 - Other instruments - cash, termo, auction",19.164.927,3.755,"   4,2003",3063,"   1,8850"
20200327,"MBO Ch.58 - Other instruments - options, exercise, strategies",6.226.183,4.476,"   2,9061",2547,"   1,5185"
20200327,MBO Ch.59 - OTC,27.830,68,"   0,0588",0,0
20200327,MBO Ch.60 - IBOVESPA Options,9.095.494,5.895,"   3,7083",5218,"   2,8546"
20200327,MBO Ch.62 - Index e Iopv,3.254,24,"   0,0380",0,0
